,1934/35,1935/36,1936/37,1937/38,1938/39,1939/40,1940/41,1941/42,1942/43,1943/44,1944/45,1945/46,1946/47,1947/48,1948/49,1949/50,1950/51,1951/52,1952/53,1953/54,1954/55,1955/56,1956/57,1957/58,1958/59,1959/60,1960/61,1961/62,1962/63,1963/64,1964/65,1965/66,1966/67,1967/68,1968/69,1969/70,1970/71,1971/72,1972/73,1973/74,1974/75,1975/76,1976/77,1977/78,1978/79,1979/80,1980/81,1981/82,1982/83,1983/84,1984/85,1985/86,1986/87,1987/88,1988/89,1989/90,1990/91,1991/92,1992/93,1993/94,1994/95,1995/96,1996/97,1997/98,1998/99,1999/00,2000/01,2001/02,2002/03,2003/04,2004/05,2005/06,2006/07,2007/08,2008/09,2009/10,2010/11,2011/12,2012/13,2013/14,2014/15,2015/16,2016/17,2017/18,2018/19,2019/20
FC Porto,43.0,93.0,124.0,167.0,224.0,300.0,347.0,424.0,464.0,510.0,574.0,639.0,712.0,785.0,840.0,901.0,968.0,1036.0,1094.0,1177.0,1228.0,1305.0,1391.0,1455.0,1536.0,1584.0,1635.0,1692.0,1753.0,1804.0,1851.0,1892.0,1948.0,2008.0,2047.0,2077.0,2121.0,2172.0,2228.0,2271.0,2333.0,2406.0,2478.0,2559.0,2629.0,2688.0,2741.0,2787.0,2860.0,2925.0,3003.0,3067.0,3134.0,3222.0,3274.0,3346.0,3423.0,3481.0,3540.0,3596.0,3669.0,3753.0,3833.0,3908.0,3993.0,4059.0,4132.0,4198.0,4271.0,4334.0,4373.0,4427.0,4492.0,4552.0,4613.0,4683.0,4756.0,4825.0,4895.0,4952.0,5026.0,5093.0,5164.0,5246.0,5320.0,5394.0
Sporting,39.0,80.0,134.0,201.0,245.0,332.0,390.0,483.0,549.0,610.0,667.0,740.0,863.0,955.0,1055.0,1146.0,1237.0,1328.0,1405.0,1485.0,1558.0,1612.0,1674.0,1753.0,1803.0,1885.0,1946.0,2012.0,2083.0,2132.0,2171.0,2241.0,2277.0,2325.0,2360.0,2421.0,2466.0,2517.0,2574.0,2670.0,2729.0,2783.0,2842.0,2905.0,2951.0,3018.0,3066.0,3132.0,3180.0,3238.0,3310.0,3374.0,3426.0,3488.0,3538.0,3580.0,3638.0,3694.0,3753.0,3824.0,3883.0,3952.0,4007.0,4052.0,4116.0,4173.0,4229.0,4303.0,4355.0,4415.0,4481.0,4531.0,4585.0,4631.0,4676.0,4718.0,4759.0,4806.0,4842.0,4896.0,4963.0,5042.0,5110.0,5173.0,5245.0,5294.0
Benfica,41.0,85.0,142.0,176.0,220.0,278.0,317.0,391.0,465.0,522.0,601.0,683.0,782.0,866.0,938.0,1024.0,1105.0,1181.0,1256.0,1318.0,1379.0,1455.0,1530.0,1589.0,1667.0,1742.0,1834.0,1903.0,1984.0,2087.0,2175.0,2248.0,2312.0,2387.0,2436.0,2494.0,2556.0,2637.0,2738.0,2806.0,2868.0,2962.0,3029.0,3085.0,3160.0,3239.0,3311.0,3371.0,3438.0,3524.0,3589.0,3643.0,3693.0,3752.0,3812.0,3888.0,3977.0,4039.0,4099.0,4172.0,4232.0,4290.0,4339.0,4401.0,4472.0,4530.0,4584.0,4650.0,4724.0,4786.0,4837.0,4888.0,4943.0,4988.0,5042.0,5120.0,5181.0,5247.0,5324.0,5382.0,5468.0,5556.0,5628.0,5708.0,5811.0,5882.0
Belenenses,45.0,73.0,119.0,148.0,186.0,244.0,303.0,369.0,447.0,488.0,560.0,634.0,700.0,776.0,844.0,880.0,925.0,985.0,1045.0,1088.0,1151.0,1218.0,1292.0,1346.0,1411.0,1469.0,1514.0,1565.0,1612.0,1658.0,1697.0,1725.0,1751.0,1789.0,1820.0,1843.0,1863.0,1898.0,1951.0,2007.0,2052.0,2097.0,2126.0,2151.0,2198.0,2231.0,2255.0,2283.0,2283.0,2283.0,2323.0,2350.0,2402.0,2454.0,2498.0,2530.0,2557.0,2557.0,2599.0,2638.0,2668.0,2721.0,2758.0,2780.0,2780.0,2816.0,2859.0,2913.0,2960.0,2995.0,3033.0,3073.0,3109.0,3144.0,3172.0,3195.0,3195.0,3195.0,3195.0,3214.0,3248.0,3292.0,3319.0,3352.0,3352.0,3352.0
V. Setúbal,26.0,58.0,76.0,76.0,76.0,83.0,83.0,83.0,83.0,135.0,179.0,226.0,271.0,309.0,348.0,398.0,429.0,429.0,469.0,520.0,557.0,614.0,654.0,691.0,744.0,770.0,770.0,770.0,803.0,849.0,910.0,961.0,988.0,1031.0,1076.0,1134.0,1185.0,1247.0,1312.0,1381.0,1428.0,1467.0,1514.0,1543.0,1581.0,1610.0,1640.0,1670.0,1699.0,1742.0,1777.0,1809.0,1809.0,1865.0,1909.0,1948.0,2001.0,2001.0,2001.0,2057.0,2082.0,2082.0,2120.0,2158.0,2195.0,2220.0,2220.0,2260.0,2300.0,2300.0,2346.0,2374.0,2395.0,2432.0,2453.0,2482.0,2511.0,2535.0,2565.0,2606.0,2630.0,2670.0,2700.0,2739.0,2767.0,2794.0
União Lisboa,30.0,30.0,30.0,30.0,30.0,30.0,30.0,30.0,30.0,30.0,30.0,30.0,30.0,30.0,30.0,30.0,30.0,30.0,30.0,30.0,30.0,30.0,30.0,30.0,30.0,30.0,30.0,30.0,30.0,30.0,30.0,30.0,30.0,30.0,30.0,30.0,30.0,30.0,30.0,30.0,30.0,30.0,30.0,30.0,30.0,30.0,30.0,30.0,30.0,30.0,30.0,30.0,30.0,30.0,30.0,30.0,30.0,30.0,30.0,30.0,30.0,30.0,30.0,30.0,30.0,30.0,30.0,30.0,30.0,30.0,30.0,30.0,30.0,30.0,30.0,30.0,30.0,30.0,30.0,30.0,30.0,30.0,30.0,30.0,30.0,30.0
Académico FC,20.0,20.0,20.0,35.0,65.0,89.0,89.0,137.0,137.0,137.0,137.0,137.0,137.0,137.0,137.0,137.0,137.0,137.0,137.0,137.0,137.0,137.0,137.0,137.0,137.0,137.0,137.0,137.0,137.0,137.0,137.0,137.0,137.0,137.0,137.0,137.0,137.0,137.0,137.0,137.0,137.0,137.0,137.0,137.0,137.0,137.0,137.0,137.0,137.0,137.0,137.0,137.0,137.0,137.0,137.0,137.0,137.0,137.0,137.0,137.0,137.0,137.0,137.0,137.0,137.0,137.0,137.0,137.0,137.0,137.0,137.0,137.0,137.0,137.0,137.0,137.0,137.0,137.0,137.0,137.0,137.0,137.0,137.0,137.0,137.0,137.0
Académica OAF,14.0,27.0,51.0,74.0,101.0,143.0,175.0,252.0,306.0,341.0,374.0,425.0,474.0,509.0,509.0,565.0,605.0,644.0,683.0,712.0,765.0,801.0,846.0,891.0,936.0,976.0,1007.0,1051.0,1100.0,1143.0,1201.0,1259.0,1309.0,1362.0,1410.0,1452.0,1490.0,1519.0,1519.0,1548.0,1581.0,1613.0,1642.0,1683.0,1703.0,1703.0,1719.0,1719.0,1719.0,1719.0,1764.0,1792.0,1814.0,1846.0,1846.0,1846.0,1846.0,1846.0,1846.0,1846.0,1846.0,1846.0,1846.0,1873.0,1903.0,1903.0,1903.0,1903.0,1941.0,1981.0,2010.0,2047.0,2075.0,2106.0,2134.0,2171.0,2203.0,2230.0,2263.0,2288.0,2314.0,2346.0,2346.0,2346.0,2346.0,2346.0
Boavista,0,24.0,24.0,24.0,24.0,24.0,36.0,36.0,36.0,36.0,36.0,75.0,127.0,167.0,202.0,202.0,252.0,299.0,334.0,363.0,396.0,396.0,396.0,396.0,396.0,423.0,423.0,423.0,423.0,423.0,423.0,423.0,423.0,423.0,423.0,458.0,476.0,504.0,545.0,580.0,638.0,703.0,744.0,780.0,816.0,860.0,896.0,932.0,964.0,1000.0,1037.0,1081.0,1115.0,1157.0,1213.0,1262.0,1315.0,1360.0,1406.0,1452.0,1492.0,1550.0,1612.0,1666.0,1723.0,1763.0,1826.0,1879.0,1911.0,1943.0,1982.0,2019.0,2051.0,2083.0,2083.0,2083.0,2083.0,2083.0,2083.0,2083.0,2110.0,2134.0,2167.0,2202.0,2236.0,2264.0
Carcavelinhos,0,8.0,24.0,42.0,42.0,68.0,68.0,103.0,103.0,103.0,103.0,103.0,103.0,103.0,103.0,103.0,103.0,103.0,103.0,103.0,103.0,103.0,103.0,103.0,103.0,103.0,103.0,103.0,103.0,103.0,103.0,103.0,103.0,103.0,103.0,103.0,103.0,103.0,103.0,103.0,103.0,103.0,103.0,103.0,103.0,103.0,103.0,103.0,103.0,103.0,103.0,103.0,103.0,103.0,103.0,103.0,103.0,103.0,103.0,103.0,103.0,103.0,103.0,103.0,103.0,103.0,103.0,103.0,103.0,103.0,103.0,103.0,103.0,103.0,103.0,103.0,103.0,103.0,103.0,103.0,103.0,103.0,103.0,103.0,103.0,103.0
Leixões,0,0,19.0,19.0,19.0,45.0,45.0,45.0,64.0,64.0,64.0,64.0,64.0,64.0,64.0,64.0,64.0,64.0,64.0,64.0,64.0,64.0,64.0,64.0,64.0,112.0,150.0,197.0,231.0,265.0,315.0,343.0,366.0,395.0,416.0,449.0,471.0,497.0,529.0,565.0,594.0,624.0,639.0,639.0,639.0,639.0,639.0,639.0,639.0,639.0,639.0,639.0,639.0,639.0,668.0,668.0,668.0,668.0,668.0,668.0,668.0,668.0,668.0,668.0,668.0,668.0,668.0,668.0,668.0,668.0,668.0,668.0,668.0,695.0,725.0,750.0,750.0,750.0,750.0,750.0,750.0,750.0,750.0,750.0,750.0,750.0
Barreirense,0,0,0,18.0,39.0,66.0,83.0,141.0,141.0,141.0,141.0,141.0,141.0,141.0,141.0,141.0,141.0,188.0,232.0,266.0,291.0,331.0,370.0,412.0,451.0,451.0,477.0,477.0,497.0,519.0,519.0,551.0,551.0,575.0,575.0,617.0,638.0,672.0,715.0,734.0,734.0,734.0,734.0,734.0,758.0,758.0,758.0,758.0,758.0,758.0,758.0,758.0,758.0,758.0,758.0,758.0,758.0,758.0,758.0,758.0,758.0,758.0,758.0,758.0,758.0,758.0,758.0,758.0,758.0,758.0,758.0,758.0,758.0,758.0,758.0,758.0,758.0,758.0,758.0,758.0,758.0,758.0,758.0,758.0,758.0,758.0
Casa Pia,0,0,0,0,12.0,12.0,12.0,12.0,12.0,12.0,12.0,12.0,12.0,12.0,12.0,12.0,12.0,12.0,12.0,12.0,12.0,12.0,12.0,12.0,12.0,12.0,12.0,12.0,12.0,12.0,12.0,12.0,12.0,12.0,12.0,12.0,12.0,12.0,12.0,12.0,12.0,12.0,12.0,12.0,12.0,12.0,12.0,12.0,12.0,12.0,12.0,12.0,12.0,12.0,12.0,12.0,12.0,12.0,12.0,12.0,12.0,12.0,12.0,12.0,12.0,12.0,12.0,12.0,12.0,12.0,12.0,12.0,12.0,12.0,12.0,12.0,12.0,12.0,12.0,12.0,12.0,12.0,12.0,12.0,12.0,12.0
Unidos de Lisboa,0,0,0,0,0,0,28.0,81.0,151.0,151.0,151.0,151.0,151.0,151.0,151.0,151.0,151.0,151.0,151.0,151.0,151.0,151.0,151.0,151.0,151.0,151.0,151.0,151.0,151.0,151.0,151.0,151.0,151.0,151.0,151.0,151.0,151.0,151.0,151.0,151.0,151.0,151.0,151.0,151.0,151.0,151.0,151.0,151.0,151.0,151.0,151.0,151.0,151.0,151.0,151.0,151.0,151.0,151.0,151.0,151.0,151.0,151.0,151.0,151.0,151.0,151.0,151.0,151.0,151.0,151.0,151.0,151.0,151.0,151.0,151.0,151.0,151.0,151.0,151.0,151.0,151.0,151.0,151.0,151.0,151.0,151.0
Olhanense,0,0,0,0,0,0,0,42.0,86.0,151.0,192.0,257.0,326.0,374.0,425.0,473.0,504.0,504.0,504.0,504.0,504.0,504.0,504.0,504.0,504.0,504.0,504.0,537.0,566.0,586.0,586.0,586.0,586.0,586.0,586.0,586.0,586.0,586.0,586.0,621.0,662.0,662.0,662.0,662.0,662.0,662.0,662.0,662.0,662.0,662.0,662.0,662.0,662.0,662.0,662.0,662.0,662.0,662.0,662.0,662.0,662.0,662.0,662.0,662.0,662.0,662.0,662.0,662.0,662.0,662.0,662.0,662.0,662.0,662.0,662.0,693.0,717.0,753.0,779.0,800.0,800.0,800.0,800.0,800.0,800.0,800.0
V. Guimarães,0,0,0,0,0,0,0,43.0,91.0,116.0,148.0,187.0,241.0,285.0,332.0,377.0,417.0,445.0,473.0,517.0,550.0,550.0,550.0,550.0,609.0,656.0,704.0,748.0,795.0,857.0,901.0,959.0,994.0,1025.0,1071.0,1109.0,1124.0,1173.0,1211.0,1247.0,1311.0,1360.0,1399.0,1432.0,1476.0,1518.0,1556.0,1598.0,1633.0,1674.0,1707.0,1758.0,1803.0,1851.0,1890.0,1936.0,1967.0,2013.0,2054.0,2084.0,2138.0,2193.0,2244.0,2286.0,2339.0,2387.0,2428.0,2463.0,2510.0,2541.0,2579.0,2607.0,2607.0,2642.0,2674.0,2705.0,2741.0,2781.0,2817.0,2847.0,2897.0,2942.0,2992.0,3037.0,3083.0,3136.0
Leça FC,0,0,0,0,0,0,0,29.0,29.0,29.0,29.0,29.0,29.0,29.0,29.0,29.0,29.0,29.0,29.0,29.0,29.0,29.0,29.0,29.0,29.0,29.0,29.0,29.0,29.0,29.0,29.0,29.0,29.0,29.0,29.0,29.0,29.0,29.0,29.0,29.0,29.0,29.0,29.0,29.0,29.0,29.0,29.0,29.0,29.0,29.0,29.0,29.0,29.0,29.0,29.0,29.0,29.0,29.0,29.0,29.0,29.0,58.0,91.0,120.0,120.0,120.0,120.0,120.0,120.0,120.0,120.0,120.0,120.0,120.0,120.0,120.0,120.0,120.0,120.0,120.0,120.0,120.0,120.0,120.0,120.0,120.0
CUF,0,0,0,0,0,0,0,0,46.0,46.0,46.0,46.0,46.0,46.0,46.0,46.0,46.0,46.0,46.0,46.0,91.0,124.0,159.0,199.0,233.0,269.0,307.0,351.0,388.0,434.0,483.0,520.0,547.0,575.0,607.0,631.0,659.0,702.0,740.0,773.0,813.0,828.0,828.0,828.0,828.0,828.0,828.0,828.0,828.0,828.0,828.0,828.0,828.0,828.0,828.0,828.0,828.0,828.0,828.0,828.0,828.0,828.0,828.0,828.0,828.0,828.0,828.0,828.0,828.0,828.0,828.0,828.0,828.0,828.0,828.0,828.0,828.0,828.0,828.0,828.0,828.0,828.0,828.0,828.0,828.0,828.0
Atlético CP,0,0,0,0,0,0,0,0,0,51.0,51.0,89.0,145.0,214.0,258.0,311.0,373.0,426.0,459.0,508.0,550.0,597.0,629.0,629.0,629.0,663.0,698.0,739.0,772.0,772.0,772.0,772.0,801.0,801.0,827.0,827.0,827.0,862.0,889.0,889.0,927.0,953.0,976.0,976.0,976.0,976.0,976.0,976.0,976.0,976.0,976.0,976.0,976.0,976.0,976.0,976.0,976.0,976.0,976.0,976.0,976.0,976.0,976.0,976.0,976.0,976.0,976.0,976.0,976.0,976.0,976.0,976.0,976.0,976.0,976.0,976.0,976.0,976.0,976.0,976.0,976.0,976.0,976.0,976.0,976.0,976.0
SC Salgueiros,0,0,0,0,0,0,0,0,0,23.0,53.0,53.0,53.0,53.0,53.0,53.0,53.0,86.0,86.0,86.0,86.0,86.0,86.0,131.0,131.0,131.0,165.0,182.0,182.0,182.0,182.0,182.0,182.0,182.0,182.0,182.0,182.0,182.0,182.0,182.0,182.0,182.0,182.0,182.0,182.0,182.0,182.0,182.0,208.0,231.0,271.0,292.0,314.0,345.0,345.0,345.0,377.0,404.0,432.0,480.0,523.0,562.0,611.0,659.0,704.0,734.0,775.0,804.0,804.0,804.0,804.0,804.0,804.0,804.0,804.0,804.0,804.0,804.0,804.0,804.0,804.0,804.0,804.0,804.0,804.0,804.0
Estoril Praia,0,0,0,0,0,0,0,0,0,0,44.0,44.0,140.0,231.0,307.0,357.0,410.0,459.0,487.0,487.0,487.0,487.0,487.0,487.0,487.0,487.0,487.0,487.0,487.0,487.0,487.0,487.0,487.0,487.0,487.0,487.0,487.0,487.0,487.0,487.0,487.0,518.0,544.0,569.0,593.0,611.0,611.0,641.0,667.0,689.0,689.0,689.0,689.0,689.0,689.0,689.0,689.0,723.0,752.0,774.0,774.0,774.0,774.0,774.0,774.0,774.0,774.0,774.0,774.0,774.0,812.0,812.0,812.0,812.0,812.0,812.0,812.0,812.0,859.0,901.0,939.0,979.0,1015.0,1044.0,1044.0,1044.0
SL Elvas,0,0,0,0,0,0,0,0,0,0,0,43.0,108.0,108.0,108.0,108.0,108.0,108.0,108.0,108.0,108.0,108.0,108.0,108.0,108.0,108.0,108.0,108.0,108.0,108.0,108.0,108.0,108.0,108.0,108.0,108.0,108.0,108.0,108.0,108.0,108.0,108.0,108.0,108.0,108.0,108.0,108.0,108.0,108.0,108.0,108.0,108.0,108.0,108.0,108.0,108.0,108.0,108.0,108.0,108.0,108.0,108.0,108.0,108.0,108.0,108.0,108.0,108.0,108.0,108.0,108.0,108.0,108.0,108.0,108.0,108.0,108.0,108.0,108.0,108.0,108.0,108.0,108.0,108.0,108.0,108.0
UD Oliveirense,0,0,0,0,0,0,0,0,0,0,0,22.0,22.0,22.0,22.0,22.0,22.0,22.0,22.0,22.0,22.0,22.0,22.0,22.0,22.0,22.0,22.0,22.0,22.0,22.0,22.0,22.0,22.0,22.0,22.0,22.0,22.0,22.0,22.0,22.0,22.0,22.0,22.0,22.0,22.0,22.0,22.0,22.0,22.0,22.0,22.0,22.0,22.0,22.0,22.0,22.0,22.0,22.0,22.0,22.0,22.0,22.0,22.0,22.0,22.0,22.0,22.0,22.0,22.0,22.0,22.0,22.0,22.0,22.0,22.0,22.0,22.0,22.0,22.0,22.0,22.0,22.0,22.0,22.0,22.0,22.0
FC Famalicão,0,0,0,0,0,0,0,0,0,0,0,0,60.0,60.0,60.0,60.0,60.0,60.0,60.0,60.0,60.0,60.0,60.0,60.0,60.0,60.0,60.0,60.0,60.0,60.0,60.0,60.0,60.0,60.0,60.0,60.0,60.0,60.0,60.0,60.0,60.0,60.0,60.0,60.0,90.0,90.0,90.0,90.0,90.0,90.0,90.0,90.0,90.0,90.0,90.0,90.0,123.0,150.0,179.0,205.0,205.0,205.0,205.0,205.0,205.0,205.0,205.0,205.0,205.0,205.0,205.0,205.0,205.0,205.0,205.0,205.0,205.0,205.0,205.0,205.0,205.0,205.0,205.0,205.0,205.0,258.0
AD Sanjoanense,0,0,0,0,0,0,0,0,0,0,0,0,26.0,26.0,26.0,26.0,26.0,26.0,26.0,26.0,26.0,26.0,26.0,26.0,26.0,26.0,26.0,26.0,26.0,26.0,26.0,26.0,26.0,26.0,26.0,26.0,26.0,26.0,26.0,26.0,26.0,26.0,26.0,26.0,26.0,26.0,26.0,26.0,26.0,26.0,26.0,26.0,26.0,26.0,26.0,26.0,26.0,26.0,26.0,26.0,26.0,26.0,26.0,26.0,26.0,26.0,26.0,26.0,26.0,26.0,26.0,26.0,26.0,26.0,26.0,26.0,26.0,26.0,26.0,26.0,26.0,26.0,26.0,26.0,26.0,26.0
O Elvas,0,0,0,0,0,0,0,0,0,0,0,0,0,66.0,112.0,160.0,160.0,160.0,160.0,160.0,160.0,160.0,160.0,160.0,160.0,160.0,160.0,160.0,160.0,160.0,160.0,160.0,160.0,160.0,160.0,160.0,160.0,160.0,160.0,160.0,160.0,160.0,160.0,160.0,160.0,160.0,160.0,160.0,160.0,160.0,160.0,160.0,176.0,211.0,211.0,211.0,211.0,211.0,211.0,211.0,211.0,211.0,211.0,211.0,211.0,211.0,211.0,211.0,211.0,211.0,211.0,211.0,211.0,211.0,211.0,211.0,211.0,211.0,211.0,211.0,211.0,211.0,211.0,211.0,211.0,211.0
Lusitano VRSA,0,0,0,0,0,0,0,0,0,0,0,0,0,29.0,52.0,94.0,94.0,94.0,94.0,94.0,94.0,94.0,94.0,94.0,94.0,94.0,94.0,94.0,94.0,94.0,94.0,94.0,94.0,94.0,94.0,94.0,94.0,94.0,94.0,94.0,94.0,94.0,94.0,94.0,94.0,94.0,94.0,94.0,94.0,94.0,94.0,94.0,94.0,94.0,94.0,94.0,94.0,94.0,94.0,94.0,94.0,94.0,94.0,94.0,94.0,94.0,94.0,94.0,94.0,94.0,94.0,94.0,94.0,94.0,94.0,94.0,94.0,94.0,94.0,94.0,94.0,94.0,94.0,94.0,94.0,94.0
SC Braga,0,0,0,0,0,0,0,0,0,0,0,0,0,47.0,86.0,138.0,180.0,212.0,249.0,303.0,355.0,391.0,391.0,442.0,490.0,515.0,556.0,556.0,556.0,556.0,592.0,631.0,664.0,693.0,713.0,738.0,738.0,738.0,738.0,738.0,738.0,773.0,809.0,851.0,900.0,934.0,968.0,1002.0,1043.0,1083.0,1129.0,1163.0,1194.0,1226.0,1268.0,1300.0,1342.0,1383.0,1416.0,1449.0,1483.0,1527.0,1566.0,1614.0,1652.0,1696.0,1754.0,1797.0,1831.0,1867.0,1912.0,1950.0,1985.0,2017.0,2055.0,2103.0,2148.0,2207.0,2267.0,2306.0,2361.0,2415.0,2466.0,2540.0,2596.0,2657.0
SC Covilhã,0,0,0,0,0,0,0,0,0,0,0,0,0,0,50.0,105.0,167.0,202.0,240.0,283.0,315.0,367.0,400.0,400.0,443.0,475.0,502.0,532.0,532.0,532.0,532.0,532.0,532.0,532.0,532.0,532.0,532.0,532.0,532.0,532.0,532.0,532.0,532.0,532.0,532.0,532.0,532.0,532.0,532.0,532.0,532.0,555.0,555.0,585.0,585.0,585.0,585.0,585.0,585.0,585.0,585.0,585.0,585.0,585.0,585.0,585.0,585.0,585.0,585.0,585.0,585.0,585.0,585.0,585.0,585.0,585.0,585.0,585.0,585.0,585.0,585.0,585.0,585.0,585.0,585.0,585.0
Oriental,0,0,0,0,0,0,0,0,0,0,0,0,0,0,0,0,37.0,85.0,85.0,120.0,120.0,120.0,147.0,168.0,168.0,168.0,168.0,168.0,168.0,168.0,168.0,168.0,168.0,168.0,168.0,168.0,168.0,168.0,168.0,203.0,224.0,224.0,224.0,224.0,224.0,224.0,224.0,224.0,224.0,224.0,224.0,224.0,224.0,224.0,224.0,224.0,224.0,224.0,224.0,224.0,224.0,224.0,224.0,224.0,224.0,224.0,224.0,224.0,224.0,224.0,224.0,224.0,224.0,224.0,224.0,224.0,224.0,224.0,224.0,224.0,224.0,224.0,224.0,224.0,224.0,224.0
Lusit. Évora,0,0,0,0,0,0,0,0,0,0,0,0,0,0,0,0,0,0,31.0,78.0,118.0,156.0,213.0,250.0,290.0,322.0,351.0,382.0,415.0,437.0,467.0,494.0,494.0,494.0,494.0,494.0,494.0,494.0,494.0,494.0,494.0,494.0,494.0,494.0,494.0,494.0,494.0,494.0,494.0,494.0,494.0,494.0,494.0,494.0,494.0,494.0,494.0,494.0,494.0,494.0,494.0,494.0,494.0,494.0,494.0,494.0,494.0,494.0,494.0,494.0,494.0,494.0,494.0,494.0,494.0,494.0,494.0,494.0,494.0,494.0,494.0,494.0,494.0,494.0,494.0,494.0
Torreense,0,0,0,0,0,0,0,0,0,0,0,0,0,0,0,0,0,0,0,0,0,32.0,76.0,106.0,129.0,129.0,129.0,129.0,129.0,129.0,147.0,147.0,147.0,147.0,147.0,147.0,147.0,147.0,147.0,147.0,147.0,147.0,147.0,147.0,147.0,147.0,147.0,147.0,147.0,147.0,147.0,147.0,147.0,147.0,147.0,147.0,147.0,183.0,183.0,183.0,183.0,183.0,183.0,183.0,183.0,183.0,183.0,183.0,183.0,183.0,183.0,183.0,183.0,183.0,183.0,183.0,183.0,183.0,183.0,183.0,183.0,183.0,183.0,183.0,183.0,183.0
Caldas SC,0,0,0,0,0,0,0,0,0,0,0,0,0,0,0,0,0,0,0,0,0,29.0,61.0,91.0,124.0,124.0,124.0,124.0,124.0,124.0,124.0,124.0,124.0,124.0,124.0,124.0,124.0,124.0,124.0,124.0,124.0,124.0,124.0,124.0,124.0,124.0,124.0,124.0,124.0,124.0,124.0,124.0,124.0,124.0,124.0,124.0,124.0,124.0,124.0,124.0,124.0,124.0,124.0,124.0,124.0,124.0,124.0,124.0,124.0,124.0,124.0,124.0,124.0,124.0,124.0,124.0,124.0,124.0,124.0,124.0,124.0,124.0,124.0,124.0,124.0,124.0
Beira-Mar,0,0,0,0,0,0,0,0,0,0,0,0,0,0,0,0,0,0,0,0,0,0,0,0,0,0,0,43.0,43.0,43.0,43.0,74.0,97.0,97.0,97.0,97.0,97.0,126.0,153.0,187.0,187.0,215.0,248.0,248.0,292.0,316.0,316.0,316.0,316.0,316.0,316.0,316.0,316.0,316.0,345.0,367.0,407.0,439.0,463.0,491.0,524.0,524.0,524.0,524.0,560.0,560.0,605.0,653.0,696.0,732.0,762.0,762.0,790.0,790.0,790.0,790.0,822.0,848.0,883.0,883.0,883.0,883.0,883.0,883.0,883.0,883.0
Feirense,0,0,0,0,0,0,0,0,0,0,0,0,0,0,0,0,0,0,0,0,0,0,0,0,0,0,0,0,21.0,21.0,21.0,21.0,21.0,21.0,21.0,21.0,21.0,21.0,21.0,21.0,21.0,21.0,21.0,45.0,45.0,45.0,45.0,45.0,45.0,45.0,45.0,45.0,45.0,45.0,45.0,70.0,70.0,70.0,70.0,70.0,70.0,70.0,70.0,70.0,70.0,70.0,70.0,70.0,70.0,70.0,70.0,70.0,70.0,70.0,70.0,70.0,70.0,97.0,97.0,97.0,97.0,97.0,128.0,160.0,187.0,187.0
Varzim,0,0,0,0,0,0,0,0,0,0,0,0,0,0,0,0,0,0,0,0,0,0,0,0,0,0,0,0,0,37.0,76.0,116.0,145.0,172.0,204.0,235.0,258.0,258.0,258.0,258.0,258.0,258.0,294.0,320.0,350.0,387.0,414.0,414.0,437.0,469.0,492.0,492.0,516.0,547.0,547.0,547.0,547.0,547.0,547.0,547.0,547.0,547.0,547.0,573.0,573.0,573.0,573.0,600.0,638.0,638.0,638.0,638.0,638.0,638.0,638.0,638.0,638.0,638.0,638.0,638.0,638.0,638.0,638.0,638.0,638.0,638.0
Seixal FC,0,0,0,0,0,0,0,0,0,0,0,0,0,0,0,0,0,0,0,0,0,0,0,0,0,0,0,0,0,28.0,44.0,44.0,44.0,44.0,44.0,44.0,44.0,44.0,44.0,44.0,44.0,44.0,44.0,44.0,44.0,44.0,44.0,44.0,44.0,44.0,44.0,44.0,44.0,44.0,44.0,44.0,44.0,44.0,44.0,44.0,44.0,44.0,44.0,44.0,44.0,44.0,44.0,44.0,44.0,44.0,44.0,44.0,44.0,44.0,44.0,44.0,44.0,44.0,44.0,44.0,44.0,44.0,44.0,44.0,44.0,44.0
Sanjoanense,0,0,0,0,0,0,0,0,0,0,0,0,0,0,0,0,0,0,0,0,0,0,0,0,0,0,0,0,0,0,0,0,23.0,45.0,60.0,60.0,60.0,60.0,60.0,60.0,60.0,60.0,60.0,60.0,60.0,60.0,60.0,60.0,60.0,60.0,60.0,60.0,60.0,60.0,60.0,60.0,60.0,60.0,60.0,60.0,60.0,60.0,60.0,60.0,60.0,60.0,60.0,60.0,60.0,60.0,60.0,60.0,60.0,60.0,60.0,60.0,60.0,60.0,60.0,60.0,60.0,60.0,60.0,60.0,60.0,60.0
Tirsense,0,0,0,0,0,0,0,0,0,0,0,0,0,0,0,0,0,0,0,0,0,0,0,0,0,0,0,0,0,0,0,0,0,17.0,17.0,17.0,41.0,67.0,67.0,67.0,67.0,67.0,67.0,67.0,67.0,67.0,67.0,67.0,67.0,67.0,67.0,67.0,67.0,67.0,67.0,88.0,127.0,127.0,154.0,154.0,189.0,219.0,219.0,219.0,219.0,219.0,219.0,219.0,219.0,219.0,219.0,219.0,219.0,219.0,219.0,219.0,219.0,219.0,219.0,219.0,219.0,219.0,219.0,219.0,219.0,219.0
U. Tomar,0,0,0,0,0,0,0,0,0,0,0,0,0,0,0,0,0,0,0,0,0,0,0,0,0,0,0,0,0,0,0,0,0,0,27.0,47.0,47.0,72.0,107.0,107.0,146.0,178.0,178.0,178.0,178.0,178.0,178.0,178.0,178.0,178.0,178.0,178.0,178.0,178.0,178.0,178.0,178.0,178.0,178.0,178.0,178.0,178.0,178.0,178.0,178.0,178.0,178.0,178.0,178.0,178.0,178.0,178.0,178.0,178.0,178.0,178.0,178.0,178.0,178.0,178.0,178.0,178.0,178.0,178.0,178.0,178.0
Farense,0,0,0,0,0,0,0,0,0,0,0,0,0,0,0,0,0,0,0,0,0,0,0,0,0,0,0,0,0,0,0,0,0,0,0,0,15.0,49.0,76.0,111.0,149.0,182.0,182.0,182.0,182.0,182.0,182.0,182.0,182.0,211.0,232.0,232.0,265.0,301.0,335.0,335.0,381.0,416.0,457.0,501.0,545.0,581.0,615.0,656.0,695.0,730.0,767.0,796.0,796.0,796.0,796.0,796.0,796.0,796.0,796.0,796.0,796.0,796.0,796.0,796.0,796.0,796.0,796.0,796.0,796.0,796.0
Montijo,0,0,0,0,0,0,0,0,0,0,0,0,0,0,0,0,0,0,0,0,0,0,0,0,0,0,0,0,0,0,0,0,0,0,0,0,0,0,29.0,61.0,61.0,61.0,91.0,91.0,91.0,91.0,91.0,91.0,91.0,91.0,91.0,91.0,91.0,91.0,91.0,91.0,91.0,91.0,91.0,91.0,91.0,91.0,91.0,91.0,91.0,91.0,91.0,91.0,91.0,91.0,91.0,91.0,91.0,91.0,91.0,91.0,91.0,91.0,91.0,91.0,91.0,91.0,91.0,91.0,91.0,91.0
U. Coimbra,0,0,0,0,0,0,0,0,0,0,0,0,0,0,0,0,0,0,0,0,0,0,0,0,0,0,0,0,0,0,0,0,0,0,0,0,0,0,22.0,22.0,22.0,22.0,22.0,22.0,22.0,22.0,22.0,22.0,22.0,22.0,22.0,22.0,22.0,22.0,22.0,22.0,22.0,22.0,22.0,22.0,22.0,22.0,22.0,22.0,22.0,22.0,22.0,22.0,22.0,22.0,22.0,22.0,22.0,22.0,22.0,22.0,22.0,22.0,22.0,22.0,22.0,22.0,22.0,22.0,22.0,22.0
SC Espinho,0,0,0,0,0,0,0,0,0,0,0,0,0,0,0,0,0,0,0,0,0,0,0,0,0,0,0,0,0,0,0,0,0,0,0,0,0,0,0,0,25.0,25.0,25.0,55.0,55.0,84.0,110.0,142.0,165.0,184.0,184.0,184.0,184.0,226.0,271.0,271.0,271.0,271.0,309.0,309.0,309.0,309.0,336.0,336.0,336.0,336.0,336.0,336.0,336.0,336.0,336.0,336.0,336.0,336.0,336.0,336.0,336.0,336.0,336.0,336.0,336.0,336.0,336.0,336.0,336.0,336.0
Portimonense,0,0,0,0,0,0,0,0,0,0,0,0,0,0,0,0,0,0,0,0,0,0,0,0,0,0,0,0,0,0,0,0,0,0,0,0,0,0,0,0,0,0,34.0,63.0,63.0,95.0,129.0,164.0,199.0,226.0,277.0,306.0,333.0,368.0,401.0,431.0,431.0,431.0,431.0,431.0,431.0,431.0,431.0,431.0,431.0,431.0,431.0,431.0,431.0,431.0,431.0,431.0,431.0,431.0,431.0,431.0,460.0,460.0,460.0,460.0,460.0,460.0,460.0,512.0,556.0,586.0
Marítimo,0,0,0,0,0,0,0,0,0,0,0,0,0,0,0,0,0,0,0,0,0,0,0,0,0,0,0,0,0,0,0,0,0,0,0,0,0,0,0,0,0,0,0,22.0,58.0,83.0,116.0,116.0,142.0,142.0,142.0,168.0,202.0,238.0,278.0,303.0,340.0,380.0,436.0,481.0,522.0,561.0,600.0,644.0,688.0,730.0,764.0,812.0,848.0,883.0,922.0,960.0,990.0,1029.0,1064.0,1106.0,1139.0,1180.0,1214.0,1254.0,1300.0,1345.0,1379.0,1415.0,1441.0,1475.0
Riopele,0,0,0,0,0,0,0,0,0,0,0,0,0,0,0,0,0,0,0,0,0,0,0,0,0,0,0,0,0,0,0,0,0,0,0,0,0,0,0,0,0,0,0,23.0,23.0,23.0,23.0,23.0,23.0,23.0,23.0,23.0,23.0,23.0,23.0,23.0,23.0,23.0,23.0,23.0,23.0,23.0,23.0,23.0,23.0,23.0,23.0,23.0,23.0,23.0,23.0,23.0,23.0,23.0,23.0,23.0,23.0,23.0,23.0,23.0,23.0,23.0,23.0,23.0,23.0,23.0
Académico de Viseu,0,0,0,0,0,0,0,0,0,0,0,0,0,0,0,0,0,0,0,0,0,0,0,0,0,0,0,0,0,0,0,0,0,0,0,0,0,0,0,0,0,0,0,0,13.0,13.0,37.0,61.0,61.0,61.0,61.0,61.0,61.0,61.0,81.0,81.0,81.0,81.0,81.0,81.0,81.0,81.0,81.0,81.0,81.0,81.0,81.0,81.0,81.0,81.0,81.0,81.0,81.0,81.0,81.0,81.0,81.0,81.0,81.0,81.0,81.0,81.0,81.0,81.0,81.0,81.0
UD Leiria,0,0,0,0,0,0,0,0,0,0,0,0,0,0,0,0,0,0,0,0,0,0,0,0,0,0,0,0,0,0,0,0,0,0,0,0,0,0,0,0,0,0,0,0,0,26.0,26.0,51.0,51.0,51.0,51.0,51.0,51.0,51.0,51.0,51.0,51.0,51.0,51.0,51.0,92.0,130.0,155.0,155.0,191.0,222.0,268.0,320.0,369.0,412.0,441.0,485.0,510.0,535.0,535.0,570.0,595.0,620.0,620.0,620.0,620.0,620.0,620.0,620.0,620.0,620.0
Rio Ave,0,0,0,0,0,0,0,0,0,0,0,0,0,0,0,0,0,0,0,0,0,0,0,0,0,0,0,0,0,0,0,0,0,0,0,0,0,0,0,0,0,0,0,0,0,22.0,22.0,48.0,91.0,126.0,153.0,153.0,186.0,215.0,215.0,215.0,215.0,215.0,215.0,215.0,215.0,215.0,250.0,293.0,319.0,353.0,353.0,353.0,353.0,395.0,430.0,464.0,464.0,464.0,484.0,506.0,541.0,574.0,609.0,630.0,668.0,712.0,753.0,793.0,843.0,891.0
FC Penafiel,0,0,0,0,0,0,0,0,0,0,0,0,0,0,0,0,0,0,0,0,0,0,0,0,0,0,0,0,0,0,0,0,0,0,0,0,0,0,0,0,0,0,0,0,0,0,27.0,47.0,47.0,65.0,90.0,106.0,106.0,142.0,174.0,198.0,232.0,262.0,262.0,262.0,262.0,262.0,262.0,262.0,262.0,262.0,262.0,262.0,262.0,262.0,301.0,322.0,322.0,322.0,322.0,322.0,322.0,322.0,322.0,322.0,351.0,351.0,351.0,351.0,351.0,351.0
Amora FC,0,0,0,0,0,0,0,0,0,0,0,0,0,0,0,0,0,0,0,0,0,0,0,0,0,0,0,0,0,0,0,0,0,0,0,0,0,0,0,0,0,0,0,0,0,0,38.0,67.0,90.0,90.0,90.0,90.0,90.0,90.0,90.0,90.0,90.0,90.0,90.0,90.0,90.0,90.0,90.0,90.0,90.0,90.0,90.0,90.0,90.0,90.0,90.0,90.0,90.0,90.0,90.0,90.0,90.0,90.0,90.0,90.0,90.0,90.0,90.0,90.0,90.0,90.0
Ginásio de Alcobaça,0,0,0,0,0,0,0,0,0,0,0,0,0,0,0,0,0,0,0,0,0,0,0,0,0,0,0,0,0,0,0,0,0,0,0,0,0,0,0,0,0,0,0,0,0,0,0,0,20.0,20.0,20.0,20.0,20.0,20.0,20.0,20.0,20.0,20.0,20.0,20.0,20.0,20.0,20.0,20.0,20.0,20.0,20.0,20.0,20.0,20.0,20.0,20.0,20.0,20.0,20.0,20.0,20.0,20.0,20.0,20.0,20.0,20.0,20.0,20.0,20.0,20.0
RD Águeda,0,0,0,0,0,0,0,0,0,0,0,0,0,0,0,0,0,0,0,0,0,0,0,0,0,0,0,0,0,0,0,0,0,0,0,0,0,0,0,0,0,0,0,0,0,0,0,0,0,25.0,25.0,25.0,25.0,25.0,25.0,25.0,25.0,25.0,25.0,25.0,25.0,25.0,25.0,25.0,25.0,25.0,25.0,25.0,25.0,25.0,25.0,25.0,25.0,25.0,25.0,25.0,25.0,25.0,25.0,25.0,25.0,25.0,25.0,25.0,25.0,25.0
FC Vizela,0,0,0,0,0,0,0,0,0,0,0,0,0,0,0,0,0,0,0,0,0,0,0,0,0,0,0,0,0,0,0,0,0,0,0,0,0,0,0,0,0,0,0,0,0,0,0,0,0,0,31.0,31.0,31.0,31.0,31.0,31.0,31.0,31.0,31.0,31.0,31.0,31.0,31.0,31.0,31.0,31.0,31.0,31.0,31.0,31.0,31.0,31.0,31.0,31.0,31.0,31.0,31.0,31.0,31.0,31.0,31.0,31.0,31.0,31.0,31.0,31.0
GD Chaves,0,0,0,0,0,0,0,0,0,0,0,0,0,0,0,0,0,0,0,0,0,0,0,0,0,0,0,0,0,0,0,0,0,0,0,0,0,0,0,0,0,0,0,0,0,0,0,0,0,0,0,28.0,67.0,118.0,155.0,193.0,242.0,278.0,312.0,312.0,345.0,383.0,422.0,453.0,492.0,492.0,492.0,492.0,492.0,492.0,492.0,492.0,492.0,492.0,492.0,492.0,492.0,492.0,492.0,492.0,492.0,492.0,527.0,574.0,608.0,608.0
CD Aves,0,0,0,0,0,0,0,0,0,0,0,0,0,0,0,0,0,0,0,0,0,0,0,0,0,0,0,0,0,0,0,0,0,0,0,0,0,0,0,0,0,0,0,0,0,0,0,0,0,0,0,25.0,25.0,25.0,25.0,25.0,25.0,25.0,25.0,25.0,25.0,25.0,25.0,25.0,25.0,25.0,56.0,56.0,56.0,56.0,56.0,56.0,78.0,78.0,78.0,78.0,78.0,78.0,78.0,78.0,78.0,78.0,78.0,114.0,149.0,173.0
Est. Amadora,0,0,0,0,0,0,0,0,0,0,0,0,0,0,0,0,0,0,0,0,0,0,0,0,0,0,0,0,0,0,0,0,0,0,0,0,0,0,0,0,0,0,0,0,0,0,0,0,0,0,0,0,0,0,33.0,68.0,105.0,105.0,105.0,144.0,171.0,206.0,245.0,287.0,320.0,360.0,390.0,390.0,390.0,412.0,412.0,443.0,466.0,495.0,521.0,521.0,521.0,521.0,521.0,521.0,521.0,521.0,521.0,521.0,521.0,521.0
Nacional,0,0,0,0,0,0,0,0,0,0,0,0,0,0,0,0,0,0,0,0,0,0,0,0,0,0,0,0,0,0,0,0,0,0,0,0,0,0,0,0,0,0,0,0,0,0,0,0,0,0,0,0,0,0,43.0,77.0,110.0,110.0,110.0,110.0,110.0,110.0,110.0,110.0,110.0,110.0,110.0,110.0,150.0,206.0,252.0,292.0,333.0,356.0,403.0,439.0,467.0,515.0,560.0,603.0,648.0,688.0,710.0,710.0,743.0,743.0
Fafe,0,0,0,0,0,0,0,0,0,0,0,0,0,0,0,0,0,0,0,0,0,0,0,0,0,0,0,0,0,0,0,0,0,0,0,0,0,0,0,0,0,0,0,0,0,0,0,0,0,0,0,0,0,0,29.0,29.0,29.0,29.0,29.0,29.0,29.0,29.0,29.0,29.0,29.0,29.0,29.0,29.0,29.0,29.0,29.0,29.0,29.0,29.0,29.0,29.0,29.0,29.0,29.0,29.0,29.0,29.0,29.0,29.0,29.0,29.0
União Madeira,0,0,0,0,0,0,0,0,0,0,0,0,0,0,0,0,0,0,0,0,0,0,0,0,0,0,0,0,0,0,0,0,0,0,0,0,0,0,0,0,0,0,0,0,0,0,0,0,0,0,0,0,0,0,0,24.0,54.0,84.0,84.0,120.0,150.0,150.0,150.0,150.0,150.0,150.0,150.0,150.0,150.0,150.0,150.0,150.0,150.0,150.0,150.0,150.0,150.0,150.0,150.0,150.0,150.0,177.0,177.0,177.0,177.0,177.0
Gil Vicente,0,0,0,0,0,0,0,0,0,0,0,0,0,0,0,0,0,0,0,0,0,0,0,0,0,0,0,0,0,0,0,0,0,0,0,0,0,0,0,0,0,0,0,0,0,0,0,0,0,0,0,0,0,0,0,0,34.0,60.0,94.0,121.0,151.0,182.0,211.0,211.0,211.0,259.0,293.0,335.0,377.0,420.0,454.0,491.0,491.0,491.0,491.0,491.0,491.0,522.0,553.0,576.0,601.0,601.0,601.0,601.0,601.0,641.0
Paços de Ferreira,0,0,0,0,0,0,0,0,0,0,0,0,0,0,0,0,0,0,0,0,0,0,0,0,0,0,0,0,0,0,0,0,0,0,0,0,0,0,0,0,0,0,0,0,0,0,0,0,0,0,0,0,0,0,0,0,0,31.0,66.0,97.0,97.0,97.0,97.0,97.0,97.0,97.0,144.0,185.0,225.0,252.0,252.0,290.0,321.0,352.0,389.0,421.0,456.0,491.0,533.0,561.0,601.0,644.0,676.0,709.0,709.0,745.0
FC Felgueiras,0,0,0,0,0,0,0,0,0,0,0,0,0,0,0,0,0,0,0,0,0,0,0,0,0,0,0,0,0,0,0,0,0,0,0,0,0,0,0,0,0,0,0,0,0,0,0,0,0,0,0,0,0,0,0,0,0,0,0,0,0,29.0,29.0,29.0,29.0,29.0,29.0,29.0,29.0,29.0,29.0,29.0,29.0,29.0,29.0,29.0,29.0,29.0,29.0,29.0,29.0,29.0,29.0,29.0,29.0,29.0
Campomaiorense,0,0,0,0,0,0,0,0,0,0,0,0,0,0,0,0,0,0,0,0,0,0,0,0,0,0,0,0,0,0,0,0,0,0,0,0,0,0,0,0,0,0,0,0,0,0,0,0,0,0,0,0,0,0,0,0,0,0,0,0,0,32.0,32.0,85.0,126.0,157.0,186.0,186.0,186.0,186.0,186.0,186.0,186.0,186.0,186.0,186.0,186.0,186.0,186.0,186.0,186.0,186.0,186.0,186.0,186.0,186.0
FC Alverca,0,0,0,0,0,0,0,0,0,0,0,0,0,0,0,0,0,0,0,0,0,0,0,0,0,0,0,0,0,0,0,0,0,0,0,0,0,0,0,0,0,0,0,0,0,0,0,0,0,0,0,0,0,0,0,0,0,0,0,0,0,0,0,0,36.0,75.0,120.0,159.0,159.0,192.0,192.0,192.0,192.0,192.0,192.0,192.0,192.0,192.0,192.0,192.0,192.0,192.0,192.0,192.0,192.0,192.0
Santa Clara,0,0,0,0,0,0,0,0,0,0,0,0,0,0,0,0,0,0,0,0,0,0,0,0,0,0,0,0,0,0,0,0,0,0,0,0,0,0,0,0,0,0,0,0,0,0,0,0,0,0,0,0,0,0,0,0,0,0,0,0,0,0,0,0,0,35.0,35.0,67.0,106.0,106.0,106.0,106.0,106.0,106.0,106.0,106.0,106.0,106.0,106.0,106.0,106.0,106.0,106.0,106.0,149.0,185.0
Moreirense,0,0,0,0,0,0,0,0,0,0,0,0,0,0,0,0,0,0,0,0,0,0,0,0,0,0,0,0,0,0,0,0,0,0,0,0,0,0,0,0,0,0,0,0,0,0,0,0,0,0,0,0,0,0,0,0,0,0,0,0,0,0,0,0,0,0,0,0,42.0,75.0,105.0,105.0,105.0,105.0,105.0,105.0,105.0,105.0,135.0,135.0,168.0,206.0,239.0,268.0,307.0,349.0
Naval,0,0,0,0,0,0,0,0,0,0,0,0,0,0,0,0,0,0,0,0,0,0,0,0,0,0,0,0,0,0,0,0,0,0,0,0,0,0,0,0,0,0,0,0,0,0,0,0,0,0,0,0,0,0,0,0,0,0,0,0,0,0,0,0,0,0,0,0,0,0,0,35.0,63.0,89.0,114.0,134.0,160.0,160.0,160.0,160.0,160.0,160.0,160.0,160.0,160.0,160.0
Trofense,0,0,0,0,0,0,0,0,0,0,0,0,0,0,0,0,0,0,0,0,0,0,0,0,0,0,0,0,0,0,0,0,0,0,0,0,0,0,0,0,0,0,0,0,0,0,0,0,0,0,0,0,0,0,0,0,0,0,0,0,0,0,0,0,0,0,0,0,0,0,0,0,0,0,25.0,25.0,25.0,25.0,25.0,25.0,25.0,25.0,25.0,25.0,25.0,25.0
FC Arouca,0,0,0,0,0,0,0,0,0,0,0,0,0,0,0,0,0,0,0,0,0,0,0,0,0,0,0,0,0,0,0,0,0,0,0,0,0,0,0,0,0,0,0,0,0,0,0,0,0,0,0,0,0,0,0,0,0,0,0,0,0,0,0,0,0,0,0,0,0,0,0,0,0,0,0,0,0,0,0,28.0,54.0,101.0,134.0,134.0,134.0,134.0
CD Tondela,0,0,0,0,0,0,0,0,0,0,0,0,0,0,0,0,0,0,0,0,0,0,0,0,0,0,0,0,0,0,0,0,0,0,0,0,0,0,0,0,0,0,0,0,0,0,0,0,0,0,0,0,0,0,0,0,0,0,0,0,0,0,0,0,0,0,0,0,0,0,0,0,0,0,0,0,0,0,0,0,0,34.0,63.0,104.0,144.0,174.0
Belenenses SAD,0,0,0,0,0,0,0,0,0,0,0,0,0,0,0,0,0,0,0,0,0,0,0,0,0,0,0,0,0,0,0,0,0,0,0,0,0,0,0,0,0,0,0,0,0,0,0,0,0,0,0,0,0,0,0,0,0,0,0,0,0,0,0,0,0,0,0,0,0,0,0,0,0,0,0,0,0,0,0,0,0,0,0,0,42.0,69.0
